,open,high,low,close,volume,adj_high,adj_low,adj_close,adj_open,adj_volume,symbol,exchange,date,name,final_volume
55,92.58,94.58,90.63,94.04,45570273.0,94.58,90.63,94.04,92.58,45570273.0,AMD,XNAS,2020-12-04 00:00:00+00:00,Advanced Micro Devices Inc,45570273.0
54,94.95,95.0,92.97,94.07,39815654.0,95.0,92.97,94.07,94.95,39815654.0,AMD,XNAS,2020-12-07 00:00:00+00:00,Advanced Micro Devices Inc,39815654.0
53,94.05,94.74,91.9,92.92,33907510.0,94.74,91.9,92.92,94.05,33907510.0,AMD,XNAS,2020-12-08 00:00:00+00:00,Advanced Micro Devices Inc,33907510.0
52,92.76,94.7,89.16,89.83,52170379.0,94.7,89.16,89.83,92.76,52170379.0,AMD,XNAS,2020-12-09 00:00:00+00:00,Advanced Micro Devices Inc,52170379.0
51,89.55,92.09,89.0297,91.66,33804412.0,92.09,89.0297,91.66,89.55,33804412.0,AMD,XNAS,2020-12-10 00:00:00+00:00,Advanced Micro Devices Inc,33804412.0
50,91.54,92.33,90.16,91.65,28368145.0,92.33,90.16,91.65,91.54,28368145.0,AMD,XNAS,2020-12-11 00:00:00+00:00,Advanced Micro Devices Inc,28368145.0
49,92.205,95.41,91.85,94.78,48026426.0,95.41,91.85,94.78,92.205,48026426.0,AMD,XNAS,2020-12-14 00:00:00+00:00,Advanced Micro Devices Inc,48026426.0
48,95.93,97.98,95.45,97.12,57305100.0,97.98,95.45,97.12,95.93,57305100.0,AMD,XNAS,2020-12-15 00:00:00+00:00,Advanced Micro Devices Inc,57305100.0
47,97.04,97.27,95.46,96.85,34909037.0,97.27,95.46,96.85,97.04,34909037.0,AMD,XNAS,2020-12-16 00:00:00+00:00,Advanced Micro Devices Inc,34909037.0
46,97.55,97.92,96.25,96.84,32023734.0,97.92,96.25,96.84,97.55,32023734.0,AMD,XNAS,2020-12-17 00:00:00+00:00,Advanced Micro Devices Inc,32023734.0
45,97.27,97.68,93.56,95.92,51823103.0,97.68,93.56,95.92,97.27,51823103.0,AMD,XNAS,2020-12-18 00:00:00+00:00,Advanced Micro Devices Inc,51823103.0
44,94.25,95.28,91.08,93.23,47093891.0,95.28,91.08,93.23,94.25,47093891.0,AMD,XNAS,2020-12-21 00:00:00+00:00,Advanced Micro Devices Inc,47093891.0
43,93.36,93.55,90.53,93.16,35717836.0,93.55,90.53,93.16,93.36,35717836.0,AMD,XNAS,2020-12-22 00:00:00+00:00,Advanced Micro Devices Inc,35717836.0
42,93.08,93.13,91.46,91.55,25993348.0,93.13,91.46,91.55,93.08,25993348.0,AMD,XNAS,2020-12-23 00:00:00+00:00,Advanced Micro Devices Inc,25993348.0
41,91.8,92.51,91.31,91.81,16705909.0,92.51,91.31,91.81,91.8,16705909.0,AMD,XNAS,2020-12-24 00:00:00+00:00,Advanced Micro Devices Inc,16705909.0
40,92.93,93.14,90.82,91.6,30512512.0,93.14,90.82,91.6,92.93,30512512.0,AMD,XNAS,2020-12-28 00:00:00+00:00,Advanced Micro Devices Inc,30512512.0
39,91.66,92.46,89.4301,90.62,31748211.0,92.46,89.4301,90.62,91.66,31748211.0,AMD,XNAS,2020-12-29 00:00:00+00:00,Advanced Micro Devices Inc,31748211.0
38,90.78,92.85,90.19,92.29,25844973.0,92.85,90.19,92.29,90.78,25844973.0,AMD,XNAS,2020-12-30 00:00:00+00:00,Advanced Micro Devices Inc,25844973.0
37,92.1,92.3,90.87,91.71,24930684.0,92.3,90.87,91.71,92.1,24930684.0,AMD,XNAS,2020-12-31 00:00:00+00:00,Advanced Micro Devices Inc,24930684.0
36,92.11,96.06,90.915,92.3,51802552.0,96.06,90.915,92.3,92.11,51802552.0,AMD,XNAS,2021-01-04 00:00:00+00:00,Advanced Micro Devices Inc,51802552.0
35,92.1,93.2077,91.41,92.77,34207989.0,93.2077,91.41,92.77,92.1,34207989.0,AMD,XNAS,2021-01-05 00:00:00+00:00,Advanced Micro Devices Inc,34207989.0
34,91.62,92.28,89.46,90.33,51911657.0,92.28,89.46,90.33,91.62,51911657.0,AMD,XNAS,2021-01-06 00:00:00+00:00,Advanced Micro Devices Inc,51911657.0
33,91.33,95.51,91.2,95.16,42897157.0,95.51,91.2,95.16,91.33,42897157.0,AMD,XNAS,2021-01-07 00:00:00+00:00,Advanced Micro Devices Inc,42897157.0
32,95.98,96.4,93.27,94.58,39816400.0,96.4,93.27,94.58,95.98,39816400.0,AMD,XNAS,2021-01-08 00:00:00+00:00,Advanced Micro Devices Inc,39816400.0
31,94.025,99.23,93.76,97.25,48669103.0,99.23,93.76,97.25,94.025,48669103.0,AMD,XNAS,2021-01-11 00:00:00+00:00,Advanced Micro Devices Inc,48669103.0
30,97.86,98.97,94.07,95.355,67435038.0,98.97,94.07,95.355,97.86,67435038.0,AMD,XNAS,2021-01-12 00:00:00+00:00,Advanced Micro Devices Inc,67435038.0
29,93.01,93.89,90.84,91.78,60712896.0,93.89,90.84,91.78,93.01,60712896.0,AMD,XNAS,2021-01-13 00:00:00+00:00,Advanced Micro Devices Inc,60712896.0
28,91.77,92.36,90.45,90.79,53408241.0,92.36,90.45,90.79,91.77,53408241.0,AMD,XNAS,2021-01-14 00:00:00+00:00,Advanced Micro Devices Inc,53408241.0
27,90.75,91.59,87.86,88.21,49340338.0,91.59,87.86,88.21,90.75,49340338.0,AMD,XNAS,2021-01-15 00:00:00+00:00,Advanced Micro Devices Inc,49340338.0
26,89.56,89.58,87.24,89.45,45115055.0,89.58,87.24,89.45,89.56,45115055.0,AMD,XNAS,2021-01-19 00:00:00+00:00,Advanced Micro Devices Inc,45115055.0
25,90.55,90.78,88.6,88.75,35185810.0,90.78,88.6,88.75,90.55,35185810.0,AMD,XNAS,2021-01-20 00:00:00+00:00,Advanced Micro Devices Inc,35185810.0
24,89.34,92.07,88.43,91.53,54596079.0,92.07,88.43,91.53,89.34,54596079.0,AMD,XNAS,2021-01-21 00:00:00+00:00,Advanced Micro Devices Inc,54596079.0
23,94.42,95.95,91.88,92.79,71294707.0,95.95,91.88,92.79,94.42,71294707.0,AMD,XNAS,2021-01-22 00:00:00+00:00,Advanced Micro Devices Inc,71294707.0
22,94.14,95.74,91.4,94.13,55086943.0,95.74,91.4,94.13,94.14,55086943.0,AMD,XNAS,2021-01-25 00:00:00+00:00,Advanced Micro Devices Inc,55086943.0
21,94.91,95.7171,93.63,94.71,59449053.0,95.7171,93.63,94.71,94.91,59449053.0,AMD,XNAS,2021-01-26 00:00:00+00:00,Advanced Micro Devices Inc,59449053.0
20,91.1,91.88,86.22,88.84,73341193.0,91.88,86.22,88.84,91.1,73341193.0,AMD,XNAS,2021-01-27 00:00:00+00:00,Advanced Micro Devices Inc,73341193.0
19,89.83,89.88,87.3,87.52,47048362.0,89.88,87.3,87.52,89.83,47048362.0,AMD,XNAS,2021-01-28 00:00:00+00:00,Advanced Micro Devices Inc,47048362.0
18,87.56,88.33,85.02,85.64,56735828.0,88.33,85.02,85.64,87.56,56735828.0,AMD,XNAS,2021-01-29 00:00:00+00:00,Advanced Micro Devices Inc,56735828.0
17,86.83,87.95,84.66,87.66,42359344.0,87.95,84.66,87.66,86.83,42359344.0,AMD,XNAS,2021-02-01 00:00:00+00:00,Advanced Micro Devices Inc,42359344.0
16,88.49,89.28,86.95,88.86,33671407.0,89.28,86.95,88.86,88.49,33671407.0,AMD,XNAS,2021-02-02 00:00:00+00:00,Advanced Micro Devices Inc,33671407.0
15,88.6,89.48,87.34,87.89,32312885.0,89.48,87.34,87.89,88.6,32312885.0,AMD,XNAS,2021-02-03 00:00:00+00:00,Advanced Micro Devices Inc,32312885.0
14,88.22,88.6,87.06,87.84,30791641.0,88.6,87.06,87.84,88.22,30791641.0,AMD,XNAS,2021-02-04 00:00:00+00:00,Advanced Micro Devices Inc,30791641.0
13,88.15,88.36,86.875,87.9,30268677.0,88.36,86.875,87.9,88.15,30268677.0,AMD,XNAS,2021-02-05 00:00:00+00:00,Advanced Micro Devices Inc,30268677.0
12,88.31,91.99,87.98,91.47,47639887.0,91.99,87.98,91.47,88.31,47639887.0,AMD,XNAS,2021-02-08 00:00:00+00:00,Advanced Micro Devices Inc,47639887.0
11,91.39,93.3,90.55,90.91,37378124.0,93.3,90.55,90.91,91.39,37378124.0,AMD,XNAS,2021-02-09 00:00:00+00:00,Advanced Micro Devices Inc,37378124.0
10,91.5,93.27,90.46,92.35,42232296.0,93.27,90.46,92.35,91.5,42232296.0,AMD,XNAS,2021-02-10 00:00:00+00:00,Advanced Micro Devices Inc,42232296.0
9,92.9,93.65,91.33,92.66,35571025.0,93.65,91.33,92.66,92.9,35571025.0,AMD,XNAS,2021-02-11 00:00:00+00:00,Advanced Micro Devices Inc,35571025.0
8,92.75,94.22,91.9,93.77,38538353.0,94.22,91.9,93.77,92.75,38538353.0,AMD,XNAS,2021-02-12 00:00:00+00:00,Advanced Micro Devices Inc,38538353.0
7,93.9,94.0,90.7499,91.46,35105917.0,94.0,90.7499,91.46,93.9,35105917.0,AMD,XNAS,2021-02-16 00:00:00+00:00,Advanced Micro Devices Inc,35105917.0
6,90.56,90.96,88.5701,89.94,32154497.0,90.96,88.5701,89.94,90.56,32154497.0,AMD,XNAS,2021-02-17 00:00:00+00:00,Advanced Micro Devices Inc,32154497.0
5,89.09,89.6,87.31,88.64,35624948.0,89.6,87.31,88.64,89.09,35624948.0,AMD,XNAS,2021-02-18 00:00:00+00:00,Advanced Micro Devices Inc,35624948.0
4,89.75,90.4163,88.69,89.58,29548273.0,90.4163,88.69,89.58,89.75,29548273.0,AMD,XNAS,2021-02-19 00:00:00+00:00,Advanced Micro Devices Inc,29548273.0
3,88.15,88.3,85.21,85.37,36687365.0,88.3,85.21,85.37,88.15,36686163.0,AMD,XNAS,2021-02-22 00:00:00+00:00,Advanced Micro Devices Inc,36686163.0
2,83.4,85.11,79.36,84.74,49720914.0,85.11,79.36,84.74,83.4,49720914.0,AMD,XNAS,2021-02-23 00:00:00+00:00,Advanced Micro Devices Inc,49720914.0
1,84.33,87.09,82.81,86.94,40391674.0,87.09,82.81,86.94,84.33,40821150.0,AMD,XNAS,2021-02-24 00:00:00+00:00,Advanced Micro Devices Inc,40821150.0
0,86.17,87.09,81.92,82.42,54277528.0,87.09,81.92,82.42,86.17,54275246.0,AMD,XNAS,2021-02-25 00:00:00+00:00,Advanced Micro Devices Inc,54275246.0
55,190.97,203.4225,186.1,198.78,11898786.0,203.4225,186.1,198.78,190.97,11898786.0,SE,XNYS,2020-12-04 00:00:00+00:00,Sea Ltd,11898786.0
54,200.0,200.0,195.4,198.57,2951569.0,200.0,195.4,198.57,200.0,2951569.0,SE,XNYS,2020-12-07 00:00:00+00:00,Sea Ltd,2951569.0
53,199.0,207.515,197.6,205.87,5915515.0,207.515,197.6,205.87,199.0,5915515.0,SE,XNYS,2020-12-08 00:00:00+00:00,Sea Ltd,5915515.0
52,208.55,212.33,200.4,202.68,3627568.0,212.33,200.4,202.68,208.55,3627568.0,SE,XNYS,2020-12-09 00:00:00+00:00,Sea Ltd,3627568.0
51,194.92,201.7,194.04,198.95,3969018.0,201.7,194.04,198.95,194.92,3969018.0,SE,XNYS,2020-12-10 00:00:00+00:00,Sea Ltd,3969018.0
50,194.3,195.9,190.25,193.38,6945671.0,195.9,190.25,193.38,194.3,6945671.0,SE,XNYS,2020-12-11 00:00:00+00:00,Sea Ltd,6945671.0
49,195.0,195.68,189.06,190.26,2889620.0,195.68,189.06,190.26,195.0,2889620.0,SE,XNYS,2020-12-14 00:00:00+00:00,Sea Ltd,2889620.0
48,191.5,191.7499,186.0,188.09,3005247.0,191.7499,186.0,188.09,191.5,3005247.0,SE,XNYS,2020-12-15 00:00:00+00:00,Sea Ltd,3005247.0
47,189.67,196.44,188.375,192.99,3706806.0,196.44,188.375,192.99,189.67,3706806.0,SE,XNYS,2020-12-16 00:00:00+00:00,Sea Ltd,3706806.0
46,195.46,198.445,194.03,198.05,2842472.0,198.445,194.03,198.05,195.46,2842472.0,SE,XNYS,2020-12-17 00:00:00+00:00,Sea Ltd,2842472.0
45,198.96,200.85,196.6,200.35,2633185.0,200.85,196.6,200.35,198.96,2633185.0,SE,XNYS,2020-12-18 00:00:00+00:00,Sea Ltd,2633185.0
44,197.0,201.5,192.85,196.9,3157735.0,201.5,192.85,196.9,197.0,3157735.0,SE,XNYS,2020-12-21 00:00:00+00:00,Sea Ltd,3157735.0
43,198.5,202.4123,196.5125,200.65,2245840.0,202.4123,196.5125,200.65,198.5,2245840.0,SE,XNYS,2020-12-22 00:00:00+00:00,Sea Ltd,2245840.0
42,199.74,200.335,194.36,195.07,1878640.0,200.335,194.36,195.07,199.74,1878640.0,SE,XNYS,2020-12-23 00:00:00+00:00,Sea Ltd,1878640.0
41,194.54,197.3,191.8,193.18,1132200.0,197.3,191.8,193.18,194.54,1132200.0,SE,XNYS,2020-12-24 00:00:00+00:00,Sea Ltd,1132200.0
40,193.25,194.5,178.8,180.28,5813487.0,194.5,178.8,180.28,193.25,5813487.0,SE,XNYS,2020-12-28 00:00:00+00:00,Sea Ltd,5813487.0
39,185.09,190.87,183.31,188.35,3111946.0,190.87,183.31,188.35,185.09,3111946.0,SE,XNYS,2020-12-29 00:00:00+00:00,Sea Ltd,3111946.0
38,190.0,197.5933,186.6796,196.75,2526256.0,197.5933,186.6796,196.75,190.0,2526256.0,SE,XNYS,2020-12-30 00:00:00+00:00,Sea Ltd,2526256.0
37,196.74,199.12,194.5286,199.05,3775330.0,199.12,194.5286,199.05,196.74,3775330.0,SE,XNYS,2020-12-31 00:00:00+00:00,Sea Ltd,3775330.0
36,200.75,203.11,191.87,196.06,4332655.0,203.11,191.87,196.06,200.75,4332655.0,SE,XNYS,2021-01-04 00:00:00+00:00,Sea Ltd,4332655.0
35,198.1,204.09,195.09,202.93,3297520.0,204.09,195.09,202.93,198.1,3297520.0,SE,XNYS,2021-01-05 00:00:00+00:00,Sea Ltd,3297520.0
34,201.58,204.12,193.91,194.37,3224764.0,204.12,193.91,194.37,201.58,3224764.0,SE,XNYS,2021-01-06 00:00:00+00:00,Sea Ltd,3224764.0
33,198.02,205.34,197.89,203.94,3392005.0,205.34,197.89,203.94,198.02,3392005.0,SE,XNYS,2021-01-07 00:00:00+00:00,Sea Ltd,3392005.0
32,205.94,213.6,202.43,210.16,4604433.0,213.6,202.43,210.16,205.94,4604433.0,SE,XNYS,2021-01-08 00:00:00+00:00,Sea Ltd,4604433.0
31,209.0,213.35,206.89,209.06,2553898.0,213.35,206.89,209.06,209.0,2553898.0,SE,XNYS,2021-01-11 00:00:00+00:00,Sea Ltd,2553898.0
30,214.38,218.57,212.4,218.48,4855409.0,218.57,212.4,218.48,214.38,4855409.0,SE,XNYS,2021-01-12 00:00:00+00:00,Sea Ltd,4855409.0
29,223.61,229.98,220.88,226.78,5065769.0,229.98,220.88,226.78,223.61,5065769.0,SE,XNYS,2021-01-13 00:00:00+00:00,Sea Ltd,5065769.0
28,230.88,237.27,227.647,229.66,3890519.0,237.27,227.647,229.66,230.88,3890519.0,SE,XNYS,2021-01-14 00:00:00+00:00,Sea Ltd,3890519.0
27,230.88,233.48,222.08,226.05,2346791.0,233.48,222.08,226.05,230.88,2346791.0,SE,XNYS,2021-01-15 00:00:00+00:00,Sea Ltd,2346791.0
26,232.45,234.5,226.05,231.64,2515838.0,234.5,226.05,231.64,232.45,2515838.0,SE,XNYS,2021-01-19 00:00:00+00:00,Sea Ltd,2515838.0
25,238.2,238.42,232.08,233.15,2152465.0,238.42,232.08,233.15,238.2,2152465.0,SE,XNYS,2021-01-20 00:00:00+00:00,Sea Ltd,2152465.0
24,233.38,237.0,232.0,233.96,1647981.0,237.0,232.0,233.96,233.38,1647981.0,SE,XNYS,2021-01-21 00:00:00+00:00,Sea Ltd,1647981.0
23,232.61,236.79,230.2501,236.49,2043125.0,236.79,230.2501,236.49,232.61,2043125.0,SE,XNYS,2021-01-22 00:00:00+00:00,Sea Ltd,2043125.0
22,240.0,240.44,226.14,228.68,4295183.0,240.44,226.14,228.68,240.0,4295183.0,SE,XNYS,2021-01-25 00:00:00+00:00,Sea Ltd,4295183.0
21,230.0,232.33,215.81,217.22,3869562.0,232.33,215.81,217.22,230.0,3869562.0,SE,XNYS,2021-01-26 00:00:00+00:00,Sea Ltd,3869562.0
20,212.265,223.1728,203.06,205.78,6372982.0,223.1728,203.06,205.78,212.265,6372982.0,SE,XNYS,2021-01-27 00:00:00+00:00,Sea Ltd,6372982.0
19,210.0,228.41,209.3,219.78,5835048.0,228.41,209.3,219.78,210.0,5835048.0,SE,XNYS,2021-01-28 00:00:00+00:00,Sea Ltd,5835048.0
18,218.06,221.61,211.25,216.71,3419572.0,221.61,211.25,216.71,218.06,3419572.0,SE,XNYS,2021-01-29 00:00:00+00:00,Sea Ltd,3419572.0
17,222.97,236.98,222.97,233.53,4397109.0,236.98,222.97,233.53,222.97,4397109.0,SE,XNYS,2021-02-01 00:00:00+00:00,Sea Ltd,4397109.0
16,235.92,241.78,231.0,238.54,3372204.0,241.78,231.0,238.54,235.92,3372204.0,SE,XNYS,2021-02-02 00:00:00+00:00,Sea Ltd,3372204.0
15,244.77,246.33,239.7042,243.54,3816463.0,246.33,239.7042,243.54,244.77,3816463.0,SE,XNYS,2021-02-03 00:00:00+00:00,Sea Ltd,3816463.0
14,244.29,245.71,237.32,243.96,2435698.0,245.71,237.32,243.96,244.29,2435698.0,SE,XNYS,2021-02-04 00:00:00+00:00,Sea Ltd,2435698.0
13,244.0,258.64,242.3937,256.76,3637720.0,258.64,242.3937,256.76,244.0,3637720.0,SE,XNYS,2021-02-05 00:00:00+00:00,Sea Ltd,3637720.0
12,258.69,269.14,258.31,263.46,3687350.0,269.14,258.31,263.46,258.69,3687350.0,SE,XNYS,2021-02-08 00:00:00+00:00,Sea Ltd,3687350.0
11,266.1,278.3499,266.01,274.66,3958608.0,278.3499,266.01,274.66,266.1,3958608.0,SE,XNYS,2021-02-09 00:00:00+00:00,Sea Ltd,3958608.0
10,277.09,281.77,265.2,270.97,4086918.0,281.77,265.2,270.97,277.09,4086918.0,SE,XNYS,2021-02-10 00:00:00+00:00,Sea Ltd,4086918.0
9,273.0,277.5,268.265,274.63,2404797.0,277.5,268.265,274.63,273.0,2404797.0,SE,XNYS,2021-02-11 00:00:00+00:00,Sea Ltd,2404797.0
8,270.37,277.38,268.78,276.12,2604675.0,277.38,268.78,276.12,270.37,2604675.0,SE,XNYS,2021-02-12 00:00:00+00:00,Sea Ltd,2604675.0
7,281.92,285.0,275.25,278.14,3052882.0,285.0,275.25,278.14,281.92,3052882.0,SE,XNYS,2021-02-16 00:00:00+00:00,Sea Ltd,3052882.0
6,275.11,275.96,264.51,268.22,3649941.0,275.96,264.51,268.22,275.11,3649941.0,SE,XNYS,2021-02-17 00:00:00+00:00,Sea Ltd,3649941.0
5,263.87,268.13,255.15,267.5,3309424.0,268.13,255.15,267.5,263.87,3309424.0,SE,XNYS,2021-02-18 00:00:00+00:00,Sea Ltd,3309424.0
4,271.83,280.64,270.88,280.0,3561234.0,280.64,270.88,280.0,271.83,3561234.0,SE,XNYS,2021-02-19 00:00:00+00:00,Sea Ltd,3561234.0
3,272.77,273.01,250.93,252.96,5791700.0,273.01,250.93,252.96,272.77,5917122.0,SE,XNYS,2021-02-22 00:00:00+00:00,Sea Ltd,5917122.0
2,240.36,255.9499,229.27,251.81,7832162.0,255.9499,229.27,251.81,240.36,7832162.0,SE,XNYS,2021-02-23 00:00:00+00:00,Sea Ltd,7832162.0
1,253.11,254.0,240.64,248.04,4194623.0,254.0,240.64,248.04,253.11,4219178.0,SE,XNYS,2021-02-24 00:00:00+00:00,Sea Ltd,4219178.0
0,248.0,250.8,232.0662,235.35,4710062.0,250.8,232.0662,235.35,248.0,4709904.0,SE,XNYS,2021-02-25 00:00:00+00:00,Sea Ltd,4709904.0
55,271.02,271.3,266.27,267.25,15527567.0,271.3,266.27,267.25,271.02,15527567.0,BABA,XNYS,2020-12-04 00:00:00+00:00,Alibaba Group Holding Ltd,15527567.0
54,265.7,265.97,262.6,264.0,11388712.0,265.97,262.6,264.0,265.7,11388712.0,BABA,XNYS,2020-12-07 00:00:00+00:00,Alibaba Group Holding Ltd,11388712.0
53,265.2,268.4,263.87,266.09,9447654.0,268.4,263.87,266.09,265.2,9447654.0,BABA,XNYS,2020-12-08 00:00:00+00:00,Alibaba Group Holding Ltd,9447654.0
52,267.56,267.91,263.1,263.8,9060730.0,267.91,263.1,263.8,267.56,9060730.0,BABA,XNYS,2020-12-09 00:00:00+00:00,Alibaba Group Holding Ltd,9060730.0
51,261.99,266.0899,261.2001,264.87,10290254.0,266.0899,261.2001,264.87,261.99,10290254.0,BABA,XNYS,2020-12-10 00:00:00+00:00,Alibaba Group Holding Ltd,10290254.0
50,264.29,265.3199,262.5,264.54,7771290.0,265.3199,262.5,264.54,264.29,7771290.0,BABA,XNYS,2020-12-11 00:00:00+00:00,Alibaba Group Holding Ltd,7771290.0
49,260.32,260.855,256.03,256.03,18369893.0,260.855,256.03,256.03,260.32,18369893.0,BABA,XNYS,2020-12-14 00:00:00+00:00,Alibaba Group Holding Ltd,18369893.0
48,255.34,255.68,252.3,255.11,16595641.0,255.68,252.3,255.11,255.34,16595641.0,BABA,XNYS,2020-12-15 00:00:00+00:00,Alibaba Group Holding Ltd,16595641.0
47,257.74,263.18,257.04,261.89,15804754.0,263.18,257.04,261.89,257.74,15804754.0,BABA,XNYS,2020-12-16 00:00:00+00:00,Alibaba Group Holding Ltd,15804754.0
46,264.7,264.85,260.2,264.43,14306570.0,264.85,260.2,264.43,264.7,14306570.0,BABA,XNYS,2020-12-17 00:00:00+00:00,Alibaba Group Holding Ltd,14306570.0
45,263.9,264.9,259.2,260.0,15981756.0,264.9,259.2,260.0,263.9,15981756.0,BABA,XNYS,2020-12-18 00:00:00+00:00,Alibaba Group Holding Ltd,15981756.0
44,255.17,260.46,254.5,260.43,10901780.0,260.46,254.5,260.43,255.17,10901780.0,BABA,XNYS,2020-12-21 00:00:00+00:00,Alibaba Group Holding Ltd,10901780.0
43,257.87,258.34,255.41,255.83,11485743.0,258.34,255.41,255.83,257.87,11485743.0,BABA,XNYS,2020-12-22 00:00:00+00:00,Alibaba Group Holding Ltd,11485743.0
42,255.5,257.3499,252.5301,256.18,10729152.0,257.3499,252.5301,256.18,255.5,10729152.0,BABA,XNYS,2020-12-23 00:00:00+00:00,Alibaba Group Holding Ltd,10729152.0
41,228.235,229.9,211.23,222.0,141830000.0,229.9,211.23,222.0,228.235,141830000.0,BABA,XNYS,2020-12-24 00:00:00+00:00,Alibaba Group Holding Ltd,141830000.0
40,216.88,224.99,215.3201,222.36,72863844.0,224.99,215.3201,222.36,216.88,72863844.0,BABA,XNYS,2020-12-28 00:00:00+00:00,Alibaba Group Holding Ltd,72863844.0
39,231.76,239.19,229.6,236.26,69715948.0,239.19,229.6,236.26,231.76,69715948.0,BABA,XNYS,2020-12-29 00:00:00+00:00,Alibaba Group Holding Ltd,69715948.0
38,243.3484,243.39,234.6452,238.39,44812299.0,243.39,234.6452,238.39,243.3484,44812299.0,BABA,XNYS,2020-12-30 00:00:00+00:00,Alibaba Group Holding Ltd,44812299.0
37,237.46,238.92,231.0267,232.73,23451848.0,238.92,231.0267,232.73,237.46,23451848.0,BABA,XNYS,2020-12-31 00:00:00+00:00,Alibaba Group Holding Ltd,23451848.0
36,226.5,230.38,225.04,227.85,24897858.0,230.38,225.04,227.85,226.5,24897858.0,BABA,XNYS,2021-01-04 00:00:00+00:00,Alibaba Group Holding Ltd,24897858.0
35,229.05,240.76,228.12,240.4,35823827.0,240.76,228.12,240.4,229.05,35823827.0,BABA,XNYS,2021-01-05 00:00:00+00:00,Alibaba Group Holding Ltd,35823827.0
34,234.95,238.3,225.86,227.61,37146057.0,238.3,225.86,227.61,234.95,37146057.0,BABA,XNYS,2021-01-06 00:00:00+00:00,Alibaba Group Holding Ltd,37146057.0
33,229.31,229.95,220.09,226.9,49361841.0,229.95,220.09,226.9,229.31,49361841.0,BABA,XNYS,2021-01-07 00:00:00+00:00,Alibaba Group Holding Ltd,49361841.0
32,227.88,238.6,226.6833,236.19,34884935.0,238.6,226.6833,236.19,227.88,34884935.0,BABA,XNYS,2021-01-08 00:00:00+00:00,Alibaba Group Holding Ltd,34884935.0
31,229.9,230.8245,225.86,227.37,23036857.0,230.8245,225.86,227.37,229.9,23036857.0,BABA,XNYS,2021-01-11 00:00:00+00:00,Alibaba Group Holding Ltd,23036857.0
30,228.385,229.75,225.14,225.6,18614489.0,229.75,225.14,225.6,228.385,18614489.0,BABA,XNYS,2021-01-12 00:00:00+00:00,Alibaba Group Holding Ltd,18614489.0
29,229.94,240.49,226.29,235.3,38805070.0,240.49,226.29,235.3,229.94,38805070.0,BABA,XNYS,2021-01-13 00:00:00+00:00,Alibaba Group Holding Ltd,38805070.0
28,245.31,245.7,241.47,242.98,31381635.0,245.7,241.47,242.98,245.31,31381635.0,BABA,XNYS,2021-01-14 00:00:00+00:00,Alibaba Group Holding Ltd,31381635.0
27,246.25,246.99,242.1501,243.46,21561645.0,246.99,242.1501,243.46,246.25,21561645.0,BABA,XNYS,2021-01-15 00:00:00+00:00,Alibaba Group Holding Ltd,21561645.0
26,250.0,252.88,246.99,251.65,23681885.0,252.88,246.99,251.65,250.0,23681885.0,BABA,XNYS,2021-01-19 00:00:00+00:00,Alibaba Group Holding Ltd,23681885.0
25,267.5,269.0,262.7,265.49,44640838.0,269.0,262.7,265.49,267.5,44640838.0,BABA,XNYS,2021-01-20 00:00:00+00:00,Alibaba Group Holding Ltd,44640838.0
24,264.13,264.6,257.9,260.0,20709883.0,264.6,257.9,260.0,264.13,20709883.0,BABA,XNYS,2021-01-21 00:00:00+00:00,Alibaba Group Holding Ltd,20709883.0
23,256.8,260.33,255.5,258.62,13518247.0,260.33,255.5,258.62,256.8,13518247.0,BABA,XNYS,2021-01-22 00:00:00+00:00,Alibaba Group Holding Ltd,13518247.0
22,263.62,265.2,257.85,261.38,19478552.0,265.2,257.85,261.38,263.62,19478552.0,BABA,XNYS,2021-01-25 00:00:00+00:00,Alibaba Group Holding Ltd,19478552.0
21,263.8,266.0,261.12,265.92,14681226.0,266.0,261.12,265.92,263.8,14681226.0,BABA,XNYS,2021-01-26 00:00:00+00:00,Alibaba Group Holding Ltd,14681226.0
20,265.13,265.92,259.95,260.25,16050392.0,265.92,259.95,260.25,265.13,16050392.0,BABA,XNYS,2021-01-27 00:00:00+00:00,Alibaba Group Holding Ltd,16050392.0
19,259.17,261.57,257.33,260.76,10244931.0,261.57,257.33,260.76,259.17,10244931.0,BABA,XNYS,2021-01-28 00:00:00+00:00,Alibaba Group Holding Ltd,10244931.0
18,256.03,258.9,252.3,253.83,14692989.0,258.9,252.3,253.83,256.03,14692989.0,BABA,XNYS,2021-01-29 00:00:00+00:00,Alibaba Group Holding Ltd,14692989.0
17,258.8,265.0,255.195,264.69,15289300.0,265.0,255.195,264.69,258.8,15289300.0,BABA,XNYS,2021-02-01 00:00:00+00:00,Alibaba Group Holding Ltd,15289300.0
16,264.57,265.0,254.04,254.5,29056770.0,265.0,254.04,254.5,264.57,29056770.0,BABA,XNYS,2021-02-02 00:00:00+00:00,Alibaba Group Holding Ltd,29056770.0
15,264.7,268.28,261.2501,263.43,29179688.0,268.28,261.2501,263.43,264.7,29179688.0,BABA,XNYS,2021-02-03 00:00:00+00:00,Alibaba Group Holding Ltd,29179688.0
14,269.58,269.99,265.5576,266.96,16762976.0,269.99,265.5576,266.96,269.58,16762976.0,BABA,XNYS,2021-02-04 00:00:00+00:00,Alibaba Group Holding Ltd,16762976.0
13,264.61,266.45,263.21,265.67,11018671.0,266.45,263.21,265.67,264.61,11018671.0,BABA,XNYS,2021-02-05 00:00:00+00:00,Alibaba Group Holding Ltd,11018671.0
12,264.98,265.0,261.82,262.59,10758151.0,265.0,261.82,262.59,264.98,10758151.0,BABA,XNYS,2021-02-08 00:00:00+00:00,Alibaba Group Holding Ltd,10758151.0
11,263.0,267.2,262.54,266.49,12295716.0,267.2,262.54,266.49,263.0,12295716.0,BABA,XNYS,2021-02-09 00:00:00+00:00,Alibaba Group Holding Ltd,12295716.0
10,268.7,270.4,264.6,267.79,12852264.0,270.4,264.6,267.79,268.7,12852264.0,BABA,XNYS,2021-02-10 00:00:00+00:00,Alibaba Group Holding Ltd,12852264.0
9,268.75,274.26,267.2,268.93,15295792.0,274.26,267.2,268.93,268.75,15295792.0,BABA,XNYS,2021-02-11 00:00:00+00:00,Alibaba Group Holding Ltd,15295792.0
8,269.09,270.25,265.6804,267.85,9355082.0,270.25,265.6804,267.85,269.09,9355082.0,BABA,XNYS,2021-02-12 00:00:00+00:00,Alibaba Group Holding Ltd,9355082.0
7,271.0,274.29,270.4,270.7,16708658.0,274.29,270.4,270.7,271.0,16708658.0,BABA,XNYS,2021-02-16 00:00:00+00:00,Alibaba Group Holding Ltd,16708658.0
6,270.89,272.316,267.81,270.83,12986160.0,272.316,267.81,270.83,270.89,12986160.0,BABA,XNYS,2021-02-17 00:00:00+00:00,Alibaba Group Holding Ltd,12986160.0
5,265.23,266.18,262.33,264.51,15382348.0,266.18,262.33,264.51,265.23,15382348.0,BABA,XNYS,2021-02-18 00:00:00+00:00,Alibaba Group Holding Ltd,15382348.0
4,266.05,269.39,262.85,263.59,14718443.0,269.39,262.85,263.59,266.05,14718443.0,BABA,XNYS,2021-02-19 00:00:00+00:00,Alibaba Group Holding Ltd,14718443.0
3,257.99,259.46,254.0,254.0,13178634.0,259.46,254.0,254.0,257.99,14311055.0,BABA,XNYS,2021-02-22 00:00:00+00:00,Alibaba Group Holding Ltd,14311055.0
2,247.31,254.9,241.63,252.75,15151619.0,254.9,241.62,252.75,247.31,15980265.0,BABA,XNYS,2021-02-23 00:00:00+00:00,Alibaba Group Holding Ltd,15980265.0
1,252.0,252.0,248.1,250.34,12800197.0,252.0,248.1,250.34,252.0,12831653.0,BABA,XNYS,2021-02-24 00:00:00+00:00,Alibaba Group Holding Ltd,12831653.0
0,250.0,250.32,240.07,240.18,17076515.0,250.34,240.07,240.18,250.0,17800937.0,BABA,XNYS,2021-02-25 00:00:00+00:00,Alibaba Group Holding Ltd,17800937.0
55,250.22,253.46,250.05,253.44,1852700.0,253.46,250.05,253.44,250.22,1852700.0,ACN,XNYS,2020-12-04 00:00:00+00:00,Accenture plc - Class A,1852700.0
54,249.85,251.0,248.36,249.3,1973409.0,251.0,248.36,249.3,249.85,1973409.0,ACN,XNYS,2020-12-07 00:00:00+00:00,Accenture plc - Class A,1973409.0
53,249.0,250.555,247.2,249.86,1825620.0,250.555,247.2,249.86,249.0,1825620.0,ACN,XNYS,2020-12-08 00:00:00+00:00,Accenture plc - Class A,1825620.0
52,250.12,250.52,245.56,246.77,2201530.0,250.52,245.56,246.77,250.12,2201530.0,ACN,XNYS,2020-12-09 00:00:00+00:00,Accenture plc - Class A,2201530.0
51,245.87,247.82,244.62,246.16,1873986.0,247.82,244.62,246.16,245.87,1873986.0,ACN,XNYS,2020-12-10 00:00:00+00:00,Accenture plc - Class A,1873986.0
50,245.89,246.92,244.55,245.83,1839033.0,246.92,244.55,245.83,245.89,1839033.0,ACN,XNYS,2020-12-11 00:00:00+00:00,Accenture plc - Class A,1839033.0
49,247.1,249.39,243.55,243.75,2412569.0,249.39,243.55,243.75,247.1,2412569.0,ACN,XNYS,2020-12-14 00:00:00+00:00,Accenture plc - Class A,2412569.0
48,248.91,248.91,245.0622,247.05,2415774.0,248.91,245.0622,247.05,248.91,2415774.0,ACN,XNYS,2020-12-15 00:00:00+00:00,Accenture plc - Class A,2415774.0
47,247.02,248.285,246.22,247.45,2247981.0,248.285,246.22,247.45,247.02,2247981.0,ACN,XNYS,2020-12-16 00:00:00+00:00,Accenture plc - Class A,2247981.0
46,263.78,271.1752,263.3,264.47,4855599.0,271.1752,263.3,264.47,263.78,4855599.0,ACN,XNYS,2020-12-17 00:00:00+00:00,Accenture plc - Class A,4855599.0
45,263.89,266.96,258.62,266.25,5948251.0,266.96,258.62,266.25,263.89,5948251.0,ACN,XNYS,2020-12-18 00:00:00+00:00,Accenture plc - Class A,5948251.0
44,261.12,263.33,257.74,261.42,2680524.0,263.33,257.74,261.42,261.12,2680524.0,ACN,XNYS,2020-12-21 00:00:00+00:00,Accenture plc - Class A,2680524.0
43,260.86,261.12,258.35,259.47,1602940.0,261.12,258.35,259.47,260.86,1602940.0,ACN,XNYS,2020-12-22 00:00:00+00:00,Accenture plc - Class A,1602940.0
42,260.83,261.92,257.325,257.44,1455854.0,261.92,257.325,257.44,260.83,1455854.0,ACN,XNYS,2020-12-23 00:00:00+00:00,Accenture plc - Class A,1455854.0
41,258.0,259.78,256.28,257.3,528132.0,259.78,256.28,257.3,258.0,528132.0,ACN,XNYS,2020-12-24 00:00:00+00:00,Accenture plc - Class A,528132.0
40,259.73,260.37,258.39,259.68,1051429.0,260.37,258.39,259.68,259.73,1051429.0,ACN,XNYS,2020-12-28 00:00:00+00:00,Accenture plc - Class A,1051429.0
39,260.89,261.0261,257.225,257.76,1065161.0,261.0261,257.225,257.76,260.89,1065161.0,ACN,XNYS,2020-12-29 00:00:00+00:00,Accenture plc - Class A,1065161.0
38,258.67,259.2451,257.19,257.54,992768.0,259.2451,257.19,257.54,258.67,992768.0,ACN,XNYS,2020-12-30 00:00:00+00:00,Accenture plc - Class A,992768.0
37,257.6,261.32,257.475,261.21,1325331.0,261.32,257.475,261.21,257.6,1325331.0,ACN,XNYS,2020-12-31 00:00:00+00:00,Accenture plc - Class A,1325331.0
36,261.0,261.658,254.05,256.46,2505131.0,261.658,254.05,256.46,261.0,2505131.0,ACN,XNYS,2021-01-04 00:00:00+00:00,Accenture plc - Class A,2505131.0
35,256.4,258.64,255.14,257.92,1809333.0,258.64,255.14,257.92,256.4,1809333.0,ACN,XNYS,2021-01-05 00:00:00+00:00,Accenture plc - Class A,1809333.0
34,259.2,263.59,256.95,260.74,2535648.0,263.59,256.95,260.74,259.2,2535648.0,ACN,XNYS,2021-01-06 00:00:00+00:00,Accenture plc - Class A,2535648.0
33,260.36,264.92,260.34,263.2,2068188.0,264.92,260.34,263.2,260.36,2068188.0,ACN,XNYS,2021-01-07 00:00:00+00:00,Accenture plc - Class A,2068188.0
32,263.81,266.53,261.29,264.16,2010661.0,266.53,261.29,264.16,263.81,2010661.0,ACN,XNYS,2021-01-08 00:00:00+00:00,Accenture plc - Class A,2010661.0
31,262.83,264.71,260.27,260.35,1745183.0,263.8069731741,259.3821197085,259.461846798,261.9333865716,1745183.0,ACN,XNYS,2021-01-11 00:00:00+00:00,Accenture plc - Class A,1745183.0
30,260.12,261.22,256.02,258.4,1874934.0,260.328878896,255.1466180803,257.5184989921,259.2326314157,1874934.0,ACN,XNYS,2021-01-12 00:00:00+00:00,Accenture plc - Class A,1874934.0
29,256.45,259.09,256.45,257.08,1870727.0,259.09,256.45,257.08,256.45,1870727.0,ACN,XNYS,2021-01-13 00:00:00+00:00,Accenture plc - Class A,1870727.0
28,257.25,257.25,254.12,255.0,2253238.0,257.25,254.12,255.0,257.25,2253238.0,ACN,XNYS,2021-01-14 00:00:00+00:00,Accenture plc - Class A,2253238.0
27,253.62,255.97,253.03,253.65,1915109.0,255.97,253.03,253.65,253.62,1915109.0,ACN,XNYS,2021-01-15 00:00:00+00:00,Accenture plc - Class A,1915109.0
26,254.41,257.295,253.75,255.84,2249461.0,257.295,253.75,255.84,254.41,2249461.0,ACN,XNYS,2021-01-19 00:00:00+00:00,Accenture plc - Class A,2249461.0
25,257.99,262.38,257.0,261.67,2081643.0,262.38,257.0,261.67,257.99,2081643.0,ACN,XNYS,2021-01-20 00:00:00+00:00,Accenture plc - Class A,2081643.0
24,260.46,261.81,256.91,257.94,1625568.0,261.81,256.91,257.94,260.46,1625568.0,ACN,XNYS,2021-01-21 00:00:00+00:00,Accenture plc - Class A,1625568.0
23,255.37,256.37,253.57,254.77,2049627.0,256.37,253.57,254.77,255.37,2049627.0,ACN,XNYS,2021-01-22 00:00:00+00:00,Accenture plc - Class A,2049627.0
22,251.86,253.79,249.06,252.04,1921644.0,253.79,249.06,252.04,251.86,1921644.0,ACN,XNYS,2021-01-25 00:00:00+00:00,Accenture plc - Class A,1921644.0
21,253.19,254.4096,251.14,252.99,1345509.0,254.4096,251.14,252.99,253.19,1345509.0,ACN,XNYS,2021-01-26 00:00:00+00:00,Accenture plc - Class A,1345509.0
20,248.66,251.22,244.39,246.1,1833069.0,251.22,244.39,246.1,248.66,1833069.0,ACN,XNYS,2021-01-27 00:00:00+00:00,Accenture plc - Class A,1833069.0
19,249.24,252.8,248.14,249.34,1794214.0,252.8,248.14,249.34,249.24,1794214.0,ACN,XNYS,2021-01-28 00:00:00+00:00,Accenture plc - Class A,1794214.0
18,248.24,249.23,241.73,241.92,2494447.0,249.23,241.73,241.92,248.24,2494447.0,ACN,XNYS,2021-01-29 00:00:00+00:00,Accenture plc - Class A,2494447.0
17,246.1,248.9,243.97,247.57,1559691.0,248.9,243.97,247.57,246.1,1559691.0,ACN,XNYS,2021-02-01 00:00:00+00:00,Accenture plc - Class A,1559691.0
16,250.0,251.43,248.625,248.75,2007709.0,251.43,248.625,248.75,250.0,2007709.0,ACN,XNYS,2021-02-02 00:00:00+00:00,Accenture plc - Class A,2007709.0
15,248.19,250.11,246.59,248.37,2470492.0,250.11,246.59,248.37,248.19,2470492.0,ACN,XNYS,2021-02-03 00:00:00+00:00,Accenture plc - Class A,2470492.0
14,249.56,253.03,246.91,253.01,1702175.0,253.03,246.91,253.01,249.56,1702175.0,ACN,XNYS,2021-02-04 00:00:00+00:00,Accenture plc - Class A,1702175.0
13,254.09,255.75,252.16,253.54,1497684.0,255.75,252.16,253.54,254.09,1497684.0,ACN,XNYS,2021-02-05 00:00:00+00:00,Accenture plc - Class A,1497684.0
12,253.92,257.35,253.76,257.31,1508696.0,257.35,253.76,257.31,253.92,1508696.0,ACN,XNYS,2021-02-08 00:00:00+00:00,Accenture plc - Class A,1508696.0
11,256.31,258.81,255.61,257.68,1542437.0,258.81,255.61,257.68,256.31,1542437.0,ACN,XNYS,2021-02-09 00:00:00+00:00,Accenture plc - Class A,1542437.0
10,258.02,259.19,255.86,256.94,1425420.0,259.19,255.86,256.94,258.02,1425420.0,ACN,XNYS,2021-02-10 00:00:00+00:00,Accenture plc - Class A,1425420.0
9,258.0,259.99,257.04,258.97,1285423.0,259.99,257.04,258.97,258.0,1285423.0,ACN,XNYS,2021-02-11 00:00:00+00:00,Accenture plc - Class A,1285423.0
8,257.45,258.59,255.41,257.47,1219178.0,258.59,255.41,257.47,257.45,1219178.0,ACN,XNYS,2021-02-12 00:00:00+00:00,Accenture plc - Class A,1219178.0
7,257.65,259.49,256.27,257.05,1606694.0,259.49,256.27,257.05,257.65,1606694.0,ACN,XNYS,2021-02-16 00:00:00+00:00,Accenture plc - Class A,1606694.0
6,256.65,261.61,255.77,258.78,1880034.0,261.61,255.77,258.78,256.65,1880034.0,ACN,XNYS,2021-02-17 00:00:00+00:00,Accenture plc - Class A,1880034.0
5,255.59,258.1,254.695,257.63,1664305.0,258.1,254.695,257.63,255.59,1664305.0,ACN,XNYS,2021-02-18 00:00:00+00:00,Accenture plc - Class A,1664305.0
4,258.46,258.5,254.16,254.29,2038413.0,258.5,254.16,254.29,258.46,2038413.0,ACN,XNYS,2021-02-19 00:00:00+00:00,Accenture plc - Class A,2038413.0
3,252.69,254.17,250.09,252.63,1475998.0,254.17,250.09,252.63,252.69,1474943.0,ACN,XNYS,2021-02-22 00:00:00+00:00,Accenture plc - Class A,1474943.0
2,251.56,257.9299,250.59,256.19,2191303.0,257.9299,250.59,256.19,251.56,2191308.0,ACN,XNYS,2021-02-23 00:00:00+00:00,Accenture plc - Class A,2191308.0
1,253.21,260.47,252.82,259.27,2476293.0,260.47,252.82,259.27,253.21,2476293.0,ACN,XNYS,2021-02-24 00:00:00+00:00,Accenture plc - Class A,2476293.0
0,258.98,259.105,252.58,253.78,2157711.0,259.105,252.58,253.78,258.98,2065145.0,ACN,XNYS,2021-02-25 00:00:00+00:00,Accenture plc - Class A,2065145.0
55,73.11,74.06,73.11,73.92,2017729.0,74.06,73.11,73.92,73.11,2017729.0,RIO,XNYS,2020-12-04 00:00:00+00:00,Rio Tinto plc,2017729.0
54,73.21,73.57,72.46,72.97,1504318.0,73.57,72.46,72.97,73.21,1504318.0,RIO,XNYS,2020-12-07 00:00:00+00:00,Rio Tinto plc,1504318.0
53,72.36,73.33,72.25,72.89,1675079.0,73.33,72.25,72.89,72.36,1675079.0,RIO,XNYS,2020-12-08 00:00:00+00:00,Rio Tinto plc,1675079.0
52,72.55,72.71,71.58,72.39,2028532.0,72.71,71.58,72.39,72.55,2028532.0,RIO,XNYS,2020-12-09 00:00:00+00:00,Rio Tinto plc,2028532.0
51,72.65,74.195,72.56,73.98,1999120.0,74.195,72.56,73.98,72.65,1999120.0,RIO,XNYS,2020-12-10 00:00:00+00:00,Rio Tinto plc,1999120.0
50,73.45,74.2099,73.35,74.12,2875103.0,74.2099,73.35,74.12,73.45,2875103.0,RIO,XNYS,2020-12-11 00:00:00+00:00,Rio Tinto plc,2875103.0
49,75.0,75.3,74.17,74.39,2650518.0,75.3,74.17,74.39,75.0,2650518.0,RIO,XNYS,2020-12-14 00:00:00+00:00,Rio Tinto plc,2650518.0
48,75.23,76.4556,74.93,76.19,3012946.0,76.4556,74.93,76.19,75.23,3012946.0,RIO,XNYS,2020-12-15 00:00:00+00:00,Rio Tinto plc,3012946.0
47,75.86,76.21,75.09,75.9,1264120.0,76.21,75.09,75.9,75.86,1264120.0,RIO,XNYS,2020-12-16 00:00:00+00:00,Rio Tinto plc,1264120.0
46,76.97,77.64,76.45,76.6,1638242.0,77.64,76.45,76.6,76.97,1638242.0,RIO,XNYS,2020-12-17 00:00:00+00:00,Rio Tinto plc,1638242.0
45,76.74,77.12,76.32,76.61,1308357.0,77.12,76.32,76.61,76.74,1308357.0,RIO,XNYS,2020-12-18 00:00:00+00:00,Rio Tinto plc,1308357.0
44,74.2,76.31,74.2,76.28,2955608.0,76.31,74.2,76.28,74.2,2955608.0,RIO,XNYS,2020-12-21 00:00:00+00:00,Rio Tinto plc,2955608.0
43,75.56,75.6,74.77,75.29,1375642.0,75.6,74.77,75.29,75.56,1375642.0,RIO,XNYS,2020-12-22 00:00:00+00:00,Rio Tinto plc,1375642.0
42,75.99,76.47,75.43,76.13,1210673.0,76.47,75.43,76.13,75.99,1210673.0,RIO,XNYS,2020-12-23 00:00:00+00:00,Rio Tinto plc,1210673.0
41,77.01,77.05,75.53,75.94,378244.0,77.05,75.53,75.94,77.01,378244.0,RIO,XNYS,2020-12-24 00:00:00+00:00,Rio Tinto plc,378244.0
40,76.6,76.78,75.29,75.59,735926.0,76.78,75.29,75.59,76.6,735926.0,RIO,XNYS,2020-12-28 00:00:00+00:00,Rio Tinto plc,735926.0
39,77.14,77.25,75.89,76.13,1524037.0,77.25,75.89,76.13,77.14,1524037.0,RIO,XNYS,2020-12-29 00:00:00+00:00,Rio Tinto plc,1524037.0
38,76.36,76.39,75.62,75.99,1198178.0,76.39,75.62,75.99,76.36,1198178.0,RIO,XNYS,2020-12-30 00:00:00+00:00,Rio Tinto plc,1198178.0
37,75.25,75.43,74.81,75.22,1006406.0,75.43,74.81,75.22,75.25,1006406.0,RIO,XNYS,2020-12-31 00:00:00+00:00,Rio Tinto plc,1006406.0
36,78.98,79.35,77.39,77.39,2593782.0,79.35,77.39,77.39,78.98,2593782.0,RIO,XNYS,2021-01-04 00:00:00+00:00,Rio Tinto plc,2593782.0
35,77.81,79.53,77.42,79.26,2265364.0,79.53,77.42,79.26,77.81,2265364.0,RIO,XNYS,2021-01-05 00:00:00+00:00,Rio Tinto plc,2265364.0
34,82.27,83.5,81.8,82.8,2771795.0,83.5,81.8,82.8,82.27,2771795.0,RIO,XNYS,2021-01-06 00:00:00+00:00,Rio Tinto plc,2771795.0
33,84.93,86.17,84.43,85.98,2888604.0,86.17,84.43,85.98,84.93,2888604.0,RIO,XNYS,2021-01-07 00:00:00+00:00,Rio Tinto plc,2888604.0
32,85.5,86.9,84.95,86.69,2835920.0,86.9,84.95,86.69,85.5,2835920.0,RIO,XNYS,2021-01-08 00:00:00+00:00,Rio Tinto plc,2835920.0
31,82.96,84.33,82.9201,83.78,3097822.0,84.33,82.9201,83.78,82.96,3097822.0,RIO,XNYS,2021-01-11 00:00:00+00:00,Rio Tinto plc,3097822.0
30,82.73,84.1,82.65,84.02,1683237.0,84.1,82.65,84.02,82.73,1683237.0,RIO,XNYS,2021-01-12 00:00:00+00:00,Rio Tinto plc,1683237.0
29,82.75,82.95,81.59,81.76,2024509.0,82.95,81.59,81.76,82.75,2024509.0,RIO,XNYS,2021-01-13 00:00:00+00:00,Rio Tinto plc,2024509.0
28,83.44,85.03,83.34,84.84,1599064.0,85.03,83.34,84.84,83.44,1599064.0,RIO,XNYS,2021-01-14 00:00:00+00:00,Rio Tinto plc,1599064.0
27,81.67,81.91,79.92,80.47,2044896.0,81.91,79.92,80.47,81.67,2044896.0,RIO,XNYS,2021-01-15 00:00:00+00:00,Rio Tinto plc,2044896.0
26,81.28,82.0,80.66,81.6,1557292.0,82.0,80.66,81.6,81.28,1557292.0,RIO,XNYS,2021-01-19 00:00:00+00:00,Rio Tinto plc,1557292.0
25,82.75,83.08,82.08,82.68,1420642.0,83.08,82.08,82.68,82.75,1420642.0,RIO,XNYS,2021-01-20 00:00:00+00:00,Rio Tinto plc,1420642.0
24,83.19,83.27,81.42,82.39,1410300.0,83.27,81.42,82.39,83.19,1410300.0,RIO,XNYS,2021-01-21 00:00:00+00:00,Rio Tinto plc,1410300.0
23,80.23,81.53,80.022,81.4,1287746.0,81.53,80.022,81.4,80.23,1287746.0,RIO,XNYS,2021-01-22 00:00:00+00:00,Rio Tinto plc,1287746.0
22,80.84,81.17,80.12,81.09,1213470.0,81.17,80.12,81.09,80.84,1213470.0,RIO,XNYS,2021-01-25 00:00:00+00:00,Rio Tinto plc,1213470.0
21,81.72,81.92,81.08,81.13,1434968.0,81.92,81.08,81.13,81.72,1434968.0,RIO,XNYS,2021-01-26 00:00:00+00:00,Rio Tinto plc,1434968.0
20,78.44,79.95,77.46,78.69,2437142.0,79.95,77.46,78.69,78.44,2437142.0,RIO,XNYS,2021-01-27 00:00:00+00:00,Rio Tinto plc,2437142.0
19,78.66,79.2,77.95,78.51,1764010.0,79.2,77.95,78.51,78.66,1764010.0,RIO,XNYS,2021-01-28 00:00:00+00:00,Rio Tinto plc,1764010.0
18,77.48,78.15,76.18,76.42,1993939.0,78.15,76.18,76.42,77.48,1993939.0,RIO,XNYS,2021-01-29 00:00:00+00:00,Rio Tinto plc,1993939.0
17,78.63,78.79,77.72,78.47,1746143.0,78.79,77.72,78.47,78.63,1746143.0,RIO,XNYS,2021-02-01 00:00:00+00:00,Rio Tinto plc,1746143.0
16,77.25,77.41,76.47,77.0,1735832.0,77.41,76.47,77.0,77.25,1735832.0,RIO,XNYS,2021-02-02 00:00:00+00:00,Rio Tinto plc,1735832.0
15,77.35,77.82,77.0,77.53,1813638.0,77.82,77.0,77.53,77.35,1813638.0,RIO,XNYS,2021-02-03 00:00:00+00:00,Rio Tinto plc,1813638.0
14,77.57,77.83,76.85,77.52,1175232.0,77.83,76.85,77.52,77.57,1175232.0,RIO,XNYS,2021-02-04 00:00:00+00:00,Rio Tinto plc,1175232.0
13,78.0,78.48,77.09,78.48,1501702.0,78.48,77.09,78.48,78.0,1501702.0,RIO,XNYS,2021-02-05 00:00:00+00:00,Rio Tinto plc,1501702.0
12,79.11,80.45,79.05,80.29,2714169.0,80.45,79.05,80.29,79.11,2714169.0,RIO,XNYS,2021-02-08 00:00:00+00:00,Rio Tinto plc,2714169.0
11,79.84,81.83,79.5,81.4,3368587.0,81.83,79.5,81.4,79.84,3368587.0,RIO,XNYS,2021-02-09 00:00:00+00:00,Rio Tinto plc,3368587.0
10,83.11,83.8,81.31,83.06,2932470.0,83.8,81.31,83.06,83.11,2932470.0,RIO,XNYS,2021-02-10 00:00:00+00:00,Rio Tinto plc,2932470.0
9,82.0,82.77,81.47,82.28,1812430.0,82.77,81.47,82.28,82.0,1812430.0,RIO,XNYS,2021-02-11 00:00:00+00:00,Rio Tinto plc,1812430.0
8,81.98,83.8,81.85,83.66,1534580.0,83.8,81.85,83.66,81.98,1534580.0,RIO,XNYS,2021-02-12 00:00:00+00:00,Rio Tinto plc,1534580.0
7,86.78,88.43,86.49,87.63,2509769.0,88.43,86.49,87.63,86.78,2509769.0,RIO,XNYS,2021-02-16 00:00:00+00:00,Rio Tinto plc,2509769.0
6,89.55,89.59,86.7617,87.54,2446618.0,89.59,86.7617,87.54,89.55,2446618.0,RIO,XNYS,2021-02-17 00:00:00+00:00,Rio Tinto plc,2446618.0
5,88.67,88.8,86.81,88.09,1776280.0,88.8,86.81,88.09,88.67,1776280.0,RIO,XNYS,2021-02-18 00:00:00+00:00,Rio Tinto plc,1776280.0
4,89.23,90.52,89.13,89.99,2002500.0,90.52,89.13,89.99,89.23,2002500.0,RIO,XNYS,2021-02-19 00:00:00+00:00,Rio Tinto plc,2002500.0
3,89.27,91.4,89.11,90.37,2794702.0,91.4,89.11,90.37,89.27,2840384.0,RIO,XNYS,2021-02-22 00:00:00+00:00,Rio Tinto plc,2840384.0
2,89.47,90.65,87.7,90.51,2428676.0,90.66,87.7,90.51,89.47,2484344.0,RIO,XNYS,2021-02-23 00:00:00+00:00,Rio Tinto plc,2484344.0
1,90.44,91.81,89.75,91.71,1733573.0,91.81,89.75,91.71,90.44,1742034.0,RIO,XNYS,2021-02-24 00:00:00+00:00,Rio Tinto plc,1742034.0
0,92.17,92.85,89.77,90.13,2353321.0,92.85,89.77,90.13,92.17,2355642.0,RIO,XNYS,2021-02-25 00:00:00+00:00,Rio Tinto plc,2355642.0
